{"ProtoVersion":"V2_6","WorkflowID":"3333e002-4faf-4039-b836-d56b64f1ab2d","WorkflowName":"个性化食谱助手","WorkflowDesc":"任务描述: 根据用户提供的过敏食材、饮食习惯（素食/低碳/高蛋白）和厨房设备，生成符合要求的三天食谱及购物清单。\n示例问题: \"请避开海鲜和坚果，为我生成三天的素食食谱和购物清单。\"","Nodes":[{"NodeID":"c776bac5-2514-3ae6-557b-906a67a9a9c4","NodeName":"开始","NodeDesc":"","NodeType":"START","StartNodeData":{"WorkflowParams":[]},"Inputs":[],"Outputs":[],"NextNodeIDs":["21fa0b24-8fa9-fc1f-eaf2-6d8dc332283d"],"NodeUI":"{\"data\":{\"isHovering\":false,\"isParallel\":false,\"source\":false,\"target\":true,\"debug\":null,\"error\":false,\"output\":[],\"schema\":null,\"checkDataError\":0},\"position\":{\"x\":400,\"y\":282},\"targetPosition\":\"left\",\"sourcePosition\":\"right\",\"selected\":false,\"measured\":{\"width\":250,\"height\":84}}"},{"NodeID":"b90dcbf5-b2e4-9ded-e586-b13506a0d54c","NodeName":"结束","NodeDesc":"","NodeType":"END","Inputs":[],"Outputs":[{"Title":"Output","Type":"OBJECT","Required":[],"Properties":[],"Desc":"输出内容","AnalysisMethod":"COVER"}],"NextNodeIDs":[],"NodeUI":"{\"data\":{\"isHovering\":false,\"isParallel\":false,\"source\":true,\"target\":false,\"debug\":null,\"error\":false,\"output\":[],\"schema\":null,\"checkDataError\":0},\"position\":{\"x\":1200,\"y\":282},\"targetPosition\":\"left\",\"sourcePosition\":\"right\",\"selected\":false,\"measured\":{\"width\":250,\"height\":84}}"},{"NodeID":"21fa0b24-8fa9-fc1f-eaf2-6d8dc332283d","NodeName":"参数提取1","NodeDesc":"","NodeType":"PARAMETER_EXTRACTOR","ParameterExtractorNodeData":{"Parameters":[{"RefParameterID":"12a9a445-7f74-4215-9626-a99aa68b0bb7","Required":true,"SubParams":[]},{"RefParameterID":"0bb53fb2-33ff-4275-b21d-84ea2aea5136","Required":true,"SubParams":[]}],"UserConstraint":"","ModelName":"workflow-pro","ModelParams":{"Temperature":0,"TopP":0.8,"MaxTokens":4000,"StopSequences":[],"ReplyFormat":""}},"Inputs":[],"Outputs":[],"NextNodeIDs":["eaad9225-b7a8-27d5-94a2-04572c3195d5"],"NodeUI":"{\"data\":{\"content\":\"参数：过敏食材、饮食习惯\",\"isHovering\":false,\"isParallel\":false,\"source\":true,\"target\":true,\"debug\":null,\"error\":false,\"output\":[{\"label\":\"Output\",\"desc\":\"输出内容\",\"optionType\":\"REFERENCE_OUTPUT\",\"type\":\"OBJECT\",\"children\":[{\"value\":\"12a9a445-7f74-4215-9626-a99aa68b0bb7\",\"label\":\"过敏食材\",\"type\":\"STRING\",\"children\":[]},{\"value\":\"0bb53fb2-33ff-4275-b21d-84ea2aea5136\",\"label\":\"饮食习惯\",\"type\":\"STRING\",\"children\":[]}]}],\"schema\":null,\"checkDataError\":0,\"displayPrompt\":\"\"},\"position\":{\"x\":333,\"y\":439},\"targetPosition\":\"left\",\"sourcePosition\":\"right\",\"selected\":true,\"measured\":{\"width\":250,\"height\":84},\"dragging\":false}"},{"NodeID":"eaad9225-b7a8-27d5-94a2-04572c3195d5","NodeName":"大模型1","NodeDesc":"","NodeType":"LLM","LLMNodeData":{"ModelName":"cs-normal-70b","Temperature":0,"TopP":0,"MaxTokens":0,"Prompt":"{{user}}","SystemPrompt":"请基于以下约束条件生成三天的食谱，并附上详细的购物清单：  \n1. 过敏食材：{{guomin}}。  \n2. 饮食习惯：{{xiguan}}。  \n3. 每餐需包含主食、蛋白质和蔬菜。  \n4. 提供每餐的具体食材和分量。","OutputFormat":"LLM_OUTPUT_TEXT","ModelParams":{"Temperature":0.7,"TopP":0.6,"MaxTokens":4000,"StopSequences":[],"ReplyFormat":""}},"Inputs":[{"Name":"user","Type":"STRING","Input":{"InputType":"SYSTEM_VARIABLE","SystemVariable":{"Name":"SYS.UserQuery","DialogHistoryLimit":15}},"Desc":"","IsRequired":false,"SubInputs":[],"DefaultValue":"","DefaultFileName":""},{"Name":"guomin","Type":"STRING","Input":{"InputType":"REFERENCE_OUTPUT","Reference":{"NodeID":"21fa0b24-8fa9-fc1f-eaf2-6d8dc332283d","JsonPath":"Output.过敏食材"}},"Desc":"","IsRequired":false,"SubInputs":[],"DefaultValue":"","DefaultFileName":""},{"Name":"xiguan","Type":"STRING","Input":{"InputType":"REFERENCE_OUTPUT","Reference":{"NodeID":"21fa0b24-8fa9-fc1f-eaf2-6d8dc332283d","JsonPath":"Output.饮食习惯"}},"Desc":"","IsRequired":false,"SubInputs":[],"DefaultValue":"","DefaultFileName":""}],"Outputs":[],"NextNodeIDs":["d0cfda63-717d-e876-05c1-df4033a3f625"],"NodeUI":"{\"data\":{\"content\":\"输出：Output.Content, Output.Thought\",\"isHovering\":false,\"isParallel\":false,\"source\":true,\"target\":true,\"debug\":null,\"error\":false,\"output\":[{\"label\":\"Output\",\"desc\":\"输出内容\",\"optionType\":\"REFERENCE_OUTPUT\",\"type\":\"OBJECT\",\"children\":[]}],\"schema\":null,\"checkDataError\":0,\"displayPrompt\":\"<p><span data-w-e-type=\\\"slot\\\" data-w-e-is-void=\\\"\\\" data-w-e-is-inline=\\\"\\\" data-value=\\\"user\\\">{{user}}</span></p>\"},\"position\":{\"x\":810,\"y\":420},\"targetPosition\":\"left\",\"sourcePosition\":\"right\",\"selected\":false,\"measured\":{\"width\":250,\"height\":104}}","ExceptionHandling":{"Switch":"OFF","MaxRetries":"3","RetryInterval":"1","AbnormalOutputResult":"","HandleMethod":"EXCEPTION_OUTPUT","NextNodeIDs":[]},"PendingMessage":{"Switch":"OFF","Content":"","DelaySeconds":"1"}},{"NodeID":"d0cfda63-717d-e876-05c1-df4033a3f625","NodeName":"回复1","NodeDesc":"","NodeType":"ANSWER","AnswerNodeData":{"Answer":"{{res}}"},"Inputs":[{"Name":"res","Type":"STRING","Input":{"InputType":"REFERENCE_OUTPUT","Reference":{"NodeID":"eaad9225-b7a8-27d5-94a2-04572c3195d5","JsonPath":"Output.Content"}},"Desc":"","IsRequired":false,"SubInputs":[],"DefaultValue":"","DefaultFileName":""}],"Outputs":[{"Title":"Output","Type":"OBJECT","Required":[],"Properties":[],"Desc":"输出内容","AnalysisMethod":"COVER"}],"NextNodeIDs":["b90dcbf5-b2e4-9ded-e586-b13506a0d54c"],"NodeUI":"{\"data\":{\"content\":\"{{res}}\",\"isHovering\":false,\"isParallel\":false,\"source\":true,\"target\":true,\"debug\":null,\"error\":false,\"output\":[{\"id\":\"bec5be25-7051-d3eb-a7ef-0b43a74d97a6\",\"value\":\"Output\",\"label\":\"Output\",\"_uiId\":\"f1aa2b10-cd27-86b8-991d-0e0da4a44598\",\"type\":\"OBJECT\",\"children\":[{\"id\":\"ae3b4e02-4c52-2a27-63e9-72b1612d6a0f\",\"value\":\"Answer\",\"label\":\"Answer\",\"_uiId\":\"2b6c43e4-6e39-b2ef-28d8-3eade6bac17e\",\"type\":\"STRING\",\"children\":[]}]}],\"schema\":null,\"checkDataError\":0},\"position\":{\"x\":1170,\"y\":495},\"targetPosition\":\"left\",\"sourcePosition\":\"right\",\"selected\":false,\"measured\":{\"width\":250,\"height\":84}}"}],"Edge":"[{\"source\":\"c776bac5-2514-3ae6-557b-906a67a9a9c4\",\"sourceHandle\":\"c776bac5-2514-3ae6-557b-906a67a9a9c4-source\",\"target\":\"21fa0b24-8fa9-fc1f-eaf2-6d8dc332283d\",\"targetHandle\":\"21fa0b24-8fa9-fc1f-eaf2-6d8dc332283d-target\",\"type\":\"custom\",\"data\":{\"connectedNodeIsHovering\":false,\"error\":false,\"isHovering\":false},\"id\":\"xy-edge__c776bac5-2514-3ae6-557b-906a67a9a9c4c776bac5-2514-3ae6-557b-906a67a9a9c4-source-21fa0b24-8fa9-fc1f-eaf2-6d8dc332283d21fa0b24-8fa9-fc1f-eaf2-6d8dc332283d-target\",\"animated\":false},{\"source\":\"21fa0b24-8fa9-fc1f-eaf2-6d8dc332283d\",\"sourceHandle\":\"21fa0b24-8fa9-fc1f-eaf2-6d8dc332283d-source\",\"target\":\"eaad9225-b7a8-27d5-94a2-04572c3195d5\",\"targetHandle\":\"eaad9225-b7a8-27d5-94a2-04572c3195d5-target\",\"type\":\"custom\",\"data\":{\"connectedNodeIsHovering\":false,\"error\":false,\"isHovering\":false},\"id\":\"xy-edge__21fa0b24-8fa9-fc1f-eaf2-6d8dc332283d21fa0b24-8fa9-fc1f-eaf2-6d8dc332283d-source-eaad9225-b7a8-27d5-94a2-04572c3195d5eaad9225-b7a8-27d5-94a2-04572c3195d5-target\",\"animated\":false},{\"source\":\"eaad9225-b7a8-27d5-94a2-04572c3195d5\",\"sourceHandle\":\"eaad9225-b7a8-27d5-94a2-04572c3195d5-source\",\"target\":\"d0cfda63-717d-e876-05c1-df4033a3f625\",\"targetHandle\":\"d0cfda63-717d-e876-05c1-df4033a3f625-target\",\"type\":\"custom\",\"data\":{\"connectedNodeIsHovering\":false,\"error\":false,\"isHovering\":false},\"id\":\"xy-edge__eaad9225-b7a8-27d5-94a2-04572c3195d5eaad9225-b7a8-27d5-94a2-04572c3195d5-source-d0cfda63-717d-e876-05c1-df4033a3f625d0cfda63-717d-e876-05c1-df4033a3f625-target\",\"animated\":false},{\"source\":\"d0cfda63-717d-e876-05c1-df4033a3f625\",\"sourceHandle\":\"d0cfda63-717d-e876-05c1-df4033a3f625-source\",\"target\":\"b90dcbf5-b2e4-9ded-e586-b13506a0d54c\",\"targetHandle\":\"b90dcbf5-b2e4-9ded-e586-b13506a0d54c-target\",\"type\":\"custom\",\"data\":{\"connectedNodeIsHovering\":false,\"isHovering\":false,\"error\":false},\"id\":\"xy-edge__d0cfda63-717d-e876-05c1-df4033a3f625d0cfda63-717d-e876-05c1-df4033a3f625-source-b90dcbf5-b2e4-9ded-e586-b13506a0d54cb90dcbf5-b2e4-9ded-e586-b13506a0d54c-target\",\"animated\":false}]","Mode":"NORMAL","ReleaseTime":""}